{
  "accuracy": [
    0.48793938755989075,
    0.8024793863296509,
    0.8661450743675232,
    0.9005783796310425,
    0.9193642139434814,
    0.9316938519477844,
    0.9422301054000854,
    0.949739933013916,
    0.9554116129875183,
    0.9601192474365234,
    0.9628542065620422,
    0.9667324423789978,
    0.9709469079971313,
    0.9728524088859558,
    0.9750269055366516,
    0.9764167666435242,
    0.9785240292549133,
    0.9799138903617859
  ],
  "loss": [
    1.8942183256149292,
    0.7420389652252197,
    0.4926609694957733,
    0.3699823021888733,
    0.2986757755279541,
    0.25276339054107666,
    0.21621082723140717,
    0.18635012209415436,
    0.16588260233402252,
    0.1515100598335266,
    0.13648878037929535,
    0.12299157679080963,
    0.1118892952799797,
    0.1042185127735138,
    0.0957738608121872,
    0.08896198868751526,
    0.08311248570680618,
    0.07656772434711456
  ],
  "top_3_accuracy": [
    0.6837338805198669,
    0.9360652565956116,
    0.9659926295280457,
    0.9757218360900879,
    0.9817745685577393,
    0.9859442114830017,
    0.9884101748466492,
    0.9909433126449585,
    0.9919745326042175,
    0.9926246404647827,
    0.9938576221466064,
    0.994911253452301,
    0.9959424138069153,
    0.9958751797676086,
    0.9962338805198669,
    0.9970857501029968,
    0.9972875118255615,
    0.9974892139434814
  ],
  "val_accuracy": [
    0.9044791460037231,
    0.9489583373069763,
    0.9634374976158142,
    0.9694791436195374,
    0.9753124713897705,
    0.9797916412353516,
    0.9820833206176758,
    0.98458331823349,
    0.9852083325386047,
    0.9876041412353516,
    0.988854169845581,
    0.9893749952316284,
    0.9900000095367432,
    0.9909374713897705,
    0.9906250238418579,
    0.9914583563804626,
    0.9915624856948853,
    0.9915624856948853
  ],
  "val_loss": [
    0.5926639437675476,
    0.2930762469768524,
    0.19612757861614227,
    0.14648346602916718,
    0.11602246761322021,
    0.09488736838102341,
    0.08117647469043732,
    0.0700954869389534,
    0.06346988677978516,
    0.05721215531229973,
    0.05000000819563866,
    0.04650167003273964,
    0.04365784302353859,
    0.03957512602210045,
    0.03745327889919281,
    0.03531039133667946,
    0.03352890908718109,
    0.03205181285738945
  ],
  "val_top_3_accuracy": [
    0.9748958349227905,
    0.9882291555404663,
    0.9920833110809326,
    0.9938541650772095,
    0.995312511920929,
    0.9959375262260437,
    0.9961458444595337,
    0.996666669845581,
    0.9971874952316284,
    0.9973958134651184,
    0.9978125095367432,
    0.9978125095367432,
    0.9980208277702332,
    0.9980208277702332,
    0.9982291460037231,
    0.9980208277702332,
    0.9983333349227905,
    0.9983333349227905
  ],
  "learning_rate": [
    9.999999747378752e-05,
    9.999999747378752e-05,
    9.999999747378752e-05,
    9.999999747378752e-05,
    9.999999747378752e-05,
    9.999999747378752e-05,
    9.999999747378752e-05,
    9.999999747378752e-05,
    9.999999747378752e-05,
    9.999999747378752e-05,
    9.999999747378752e-05,
    9.999999747378752e-05,
    9.999999747378752e-05,
    9.999999747378752e-05,
    9.999999747378752e-05,
    9.999999747378752e-05,
    9.999999747378752e-05,
    9.999999747378752e-05
  ]
}